STATION,NAME,LATITUDE,LONGITUDE,ELEVATION,DATE,PRCP,TMAX,TMIN
USW00023272,"SAN FRANCISCO DOWNTOWN, CA US",37.7705,-122.4269,45.7,1/1/2020,0,58,49
USW00023272,"SAN FRANCISCO DOWNTOWN, CA US",37.7705,-122.4269,45.7,1/2/2020,0,62,48
USW00023272,"SAN FRANCISCO DOWNTOWN, CA US",37.7705,-122.4269,45.7,1/3/2020,0,60,47
USW00023272,"SAN FRANCISCO DOWNTOWN, CA US",37.7705,-122.4269,45.7,1/4/2020,0,58,50
USW00023272,"SAN FRANCISCO DOWNTOWN, CA US",37.7705,-122.4269,45.7,1/5/2020,0,58,45
USW00023272,"SAN FRANCISCO DOWNTOWN, CA US",37.7705,-122.4269,45.7,1/6/2020,0,59,45
USW00023272,"SAN FRANCISCO DOWNTOWN, CA US",37.7705,-122.4269,45.7,1/7/2020,0.01,56,46
USW00023272,"SAN FRANCISCO DOWNTOWN, CA US",37.7705,-122.4269,45.7,1/8/2020,0,56,48
USW00023272,"SAN FRANCISCO DOWNTOWN, CA US",37.7705,-122.4269,45.7,1/9/2020,0.25,54,48
USW00023272,"SAN FRANCISCO DOWNTOWN, CA US",37.7705,-122.4269,45.7,1/10/2020,0,58,45
USW00023272,"SAN FRANCISCO DOWNTOWN, CA US",37.7705,-122.4269,45.7,1/11/2020,0.15,55,47
USW00023272,"SAN FRANCISCO DOWNTOWN, CA US",37.7705,-122.4269,45.7,1/12/2020,0,55,45
USW00023272,"SAN FRANCISCO DOWNTOWN, CA US",37.7705,-122.4269,45.7,1/13/2020,0.02,54,47
USW00023272,"SAN FRANCISCO DOWNTOWN, CA US",37.7705,-122.4269,45.7,1/14/2020,0.28,54,48
USW00023272,"SAN FRANCISCO DOWNTOWN, CA US",37.7705,-122.4269,45.7,1/15/2020,0,53,44
USW00023272,"SAN FRANCISCO DOWNTOWN, CA US",37.7705,-122.4269,45.7,1/16/2020,1.24,50,43
USW00023272,"SAN FRANCISCO DOWNTOWN, CA US",37.7705,-122.4269,45.7,1/17/2020,0,54,43
USW00023272,"SAN FRANCISCO DOWNTOWN, CA US",37.7705,-122.4269,45.7,1/18/2020,0,54,46
USW00023272,"SAN FRANCISCO DOWNTOWN, CA US",37.7705,-122.4269,45.7,1/19/2020,0,55,46
USW00023272,"SAN FRANCISCO DOWNTOWN, CA US",37.7705,-122.4269,45.7,1/20/2020,0,57,47
USW00023272,"SAN FRANCISCO DOWNTOWN, CA US",37.7705,-122.4269,45.7,1/21/2020,0.18,57,51
USW00023272,"SAN FRANCISCO DOWNTOWN, CA US",37.7705,-122.4269,45.7,1/22/2020,0,61,52
USW00023272,"SAN FRANCISCO DOWNTOWN, CA US",37.7705,-122.4269,45.7,1/23/2020,0,59,51
USW00023272,"SAN FRANCISCO DOWNTOWN, CA US",37.7705,-122.4269,45.7,1/24/2020,0,63,49
USW00023272,"SAN FRANCISCO DOWNTOWN, CA US",37.7705,-122.4269,45.7,1/25/2020,0,64,54
USW00023272,"SAN FRANCISCO DOWNTOWN, CA US",37.7705,-122.4269,45.7,1/26/2020,0.23,58,52
USW00023272,"SAN FRANCISCO DOWNTOWN, CA US",37.7705,-122.4269,45.7,1/27/2020,0,58,51
USW00023272,"SAN FRANCISCO DOWNTOWN, CA US",37.7705,-122.4269,45.7,1/28/2020,0.09,58,51
USW00023272,"SAN FRANCISCO DOWNTOWN, CA US",37.7705,-122.4269,45.7,1/29/2020,0,59,48
USW00023272,"SAN FRANCISCO DOWNTOWN, CA US",37.7705,-122.4269,45.7,1/30/2020,0,63,51
USW00023272,"SAN FRANCISCO DOWNTOWN, CA US",37.7705,-122.4269,45.7,1/31/2020,0,67,51
USW00023272,"SAN FRANCISCO DOWNTOWN, CA US",37.7705,-122.4269,45.7,2/1/2020,0,63,52
USW00023272,"SAN FRANCISCO DOWNTOWN, CA US",37.7705,-122.4269,45.7,2/2/2020,0,55,45
USW00023272,"SAN FRANCISCO DOWNTOWN, CA US",37.7705,-122.4269,45.7,2/3/2020,0,55,43
USW00023272,"SAN FRANCISCO DOWNTOWN, CA US",37.7705,-122.4269,45.7,2/4/2020,0,55,46
USW00023272,"SAN FRANCISCO DOWNTOWN, CA US",37.7705,-122.4269,45.7,2/5/2020,0,61,44
USW00023272,"SAN FRANCISCO DOWNTOWN, CA US",37.7705,-122.4269,45.7,2/6/2020,0,66,47
USW00023272,"SAN FRANCISCO DOWNTOWN, CA US",37.7705,-122.4269,45.7,2/7/2020,0,63,46
USW00023272,"SAN FRANCISCO DOWNTOWN, CA US",37.7705,-122.4269,45.7,2/8/2020,0,61,47
USW00023272,"SAN FRANCISCO DOWNTOWN, CA US",37.7705,-122.4269,45.7,2/9/2020,0,61,49
USW00023272,"SAN FRANCISCO DOWNTOWN, CA US",37.7705,-122.4269,45.7,2/10/2020,0,71,54
USW00023272,"SAN FRANCISCO DOWNTOWN, CA US",37.7705,-122.4269,45.7,2/11/2020,0,74,56
USW00023272,"SAN FRANCISCO DOWNTOWN, CA US",37.7705,-122.4269,45.7,2/12/2020,0,66,51
USW00023272,"SAN FRANCISCO DOWNTOWN, CA US",37.7705,-122.4269,45.7,2/13/2020,0,53,49
USW00023272,"SAN FRANCISCO DOWNTOWN, CA US",37.7705,-122.4269,45.7,2/14/2020,0,60,49
USW00023272,"SAN FRANCISCO DOWNTOWN, CA US",37.7705,-122.4269,45.7,2/15/2020,0,63,48
USW00023272,"SAN FRANCISCO DOWNTOWN, CA US",37.7705,-122.4269,45.7,2/16/2020,0,59,49
USW00023272,"SAN FRANCISCO DOWNTOWN, CA US",37.7705,-122.4269,45.7,2/17/2020,0,69,48
USW00023272,"SAN FRANCISCO DOWNTOWN, CA US",37.7705,-122.4269,45.7,2/18/2020,0,67,49
USW00023272,"SAN FRANCISCO DOWNTOWN, CA US",37.7705,-122.4269,45.7,2/19/2020,0,63,47
USW00023272,"SAN FRANCISCO DOWNTOWN, CA US",37.7705,-122.4269,45.7,2/20/2020,0,66,49
USW00023272,"SAN FRANCISCO DOWNTOWN, CA US",37.7705,-122.4269,45.7,2/21/2020,0,71,51
USW00023272,"SAN FRANCISCO DOWNTOWN, CA US",37.7705,-122.4269,45.7,2/22/2020,0,59,50
USW00023272,"SAN FRANCISCO DOWNTOWN, CA US",37.7705,-122.4269,45.7,2/23/2020,0,58,49
USW00023272,"SAN FRANCISCO DOWNTOWN, CA US",37.7705,-122.4269,45.7,2/24/2020,0,66,48
USW00023272,"SAN FRANCISCO DOWNTOWN, CA US",37.7705,-122.4269,45.7,2/25/2020,0,74,51
USW00023272,"SAN FRANCISCO DOWNTOWN, CA US",37.7705,-122.4269,45.7,2/26/2020,0,73,53
USW00023272,"SAN FRANCISCO DOWNTOWN, CA US",37.7705,-122.4269,45.7,2/27/2020,0,75,53
USW00023272,"SAN FRANCISCO DOWNTOWN, CA US",37.7705,-122.4269,45.7,2/28/2020,0,66,50
USW00023272,"SAN FRANCISCO DOWNTOWN, CA US",37.7705,-122.4269,45.7,2/29/2020,0,54,49
USW00023272,"SAN FRANCISCO DOWNTOWN, CA US",37.7705,-122.4269,45.7,3/1/2020,0,59,46
USW00023272,"SAN FRANCISCO DOWNTOWN, CA US",37.7705,-122.4269,45.7,3/2/2020,0,71,54
USW00023272,"SAN FRANCISCO DOWNTOWN, CA US",37.7705,-122.4269,45.7,3/3/2020,0,73,52
USW00023272,"SAN FRANCISCO DOWNTOWN, CA US",37.7705,-122.4269,45.7,3/4/2020,0,74,51
USW00023272,"SAN FRANCISCO DOWNTOWN, CA US",37.7705,-122.4269,45.7,3/5/2020,0,62,51
USW00023272,"SAN FRANCISCO DOWNTOWN, CA US",37.7705,-122.4269,45.7,3/6/2020,0.01,56,50
USW00023272,"SAN FRANCISCO DOWNTOWN, CA US",37.7705,-122.4269,45.7,3/7/2020,0.17,55,49
USW00023272,"SAN FRANCISCO DOWNTOWN, CA US",37.7705,-122.4269,45.7,3/8/2020,0,56,46
USW00023272,"SAN FRANCISCO DOWNTOWN, CA US",37.7705,-122.4269,45.7,3/9/2020,0,64,50
USW00023272,"SAN FRANCISCO DOWNTOWN, CA US",37.7705,-122.4269,45.7,3/10/2020,0,71,52
USW00023272,"SAN FRANCISCO DOWNTOWN, CA US",37.7705,-122.4269,45.7,3/11/2020,0,65,51
USW00023272,"SAN FRANCISCO DOWNTOWN, CA US",37.7705,-122.4269,45.7,3/12/2020,0,62,47
USW00023272,"SAN FRANCISCO DOWNTOWN, CA US",37.7705,-122.4269,45.7,3/13/2020,0,61,50
USW00023272,"SAN FRANCISCO DOWNTOWN, CA US",37.7705,-122.4269,45.7,3/14/2020,0.59,52,48
USW00023272,"SAN FRANCISCO DOWNTOWN, CA US",37.7705,-122.4269,45.7,3/15/2020,0.3,54,46
USW00023272,"SAN FRANCISCO DOWNTOWN, CA US",37.7705,-122.4269,45.7,3/16/2020,0.07,54,42
USW00023272,"SAN FRANCISCO DOWNTOWN, CA US",37.7705,-122.4269,45.7,3/17/2020,0,55,44
USW00023272,"SAN FRANCISCO DOWNTOWN, CA US",37.7705,-122.4269,45.7,3/18/2020,0.03,55,47
USW00023272,"SAN FRANCISCO DOWNTOWN, CA US",37.7705,-122.4269,45.7,3/19/2020,0,59,47
USW00023272,"SAN FRANCISCO DOWNTOWN, CA US",37.7705,-122.4269,45.7,3/20/2020,0,64,48
USW00023272,"SAN FRANCISCO DOWNTOWN, CA US",37.7705,-122.4269,45.7,3/21/2020,0,63,49
USW00023272,"SAN FRANCISCO DOWNTOWN, CA US",37.7705,-122.4269,45.7,3/22/2020,0,67,51
USW00023272,"SAN FRANCISCO DOWNTOWN, CA US",37.7705,-122.4269,45.7,3/23/2020,0,55,50
USW00023272,"SAN FRANCISCO DOWNTOWN, CA US",37.7705,-122.4269,45.7,3/24/2020,0.08,57,50
USW00023272,"SAN FRANCISCO DOWNTOWN, CA US",37.7705,-122.4269,45.7,3/25/2020,0,55,45
USW00023272,"SAN FRANCISCO DOWNTOWN, CA US",37.7705,-122.4269,45.7,3/26/2020,0,57,43
USW00023272,"SAN FRANCISCO DOWNTOWN, CA US",37.7705,-122.4269,45.7,3/27/2020,0,56,47
USW00023272,"SAN FRANCISCO DOWNTOWN, CA US",37.7705,-122.4269,45.7,3/28/2020,0.05,57,51
USW00023272,"SAN FRANCISCO DOWNTOWN, CA US",37.7705,-122.4269,45.7,3/29/2020,0.14,58,51
USW00023272,"SAN FRANCISCO DOWNTOWN, CA US",37.7705,-122.4269,45.7,3/30/2020,0,60,52
USW00023272,"SAN FRANCISCO DOWNTOWN, CA US",37.7705,-122.4269,45.7,3/31/2020,0,62,52
USW00023272,"SAN FRANCISCO DOWNTOWN, CA US",37.7705,-122.4269,45.7,4/1/2020,0,57,48
USW00023272,"SAN FRANCISCO DOWNTOWN, CA US",37.7705,-122.4269,45.7,4/2/2020,0,60,46
USW00023272,"SAN FRANCISCO DOWNTOWN, CA US",37.7705,-122.4269,45.7,4/3/2020,0,58,47
USW00023272,"SAN FRANCISCO DOWNTOWN, CA US",37.7705,-122.4269,45.7,4/4/2020,0.23,55,48
USW00023272,"SAN FRANCISCO DOWNTOWN, CA US",37.7705,-122.4269,45.7,4/5/2020,0.24,53,49
USW00023272,"SAN FRANCISCO DOWNTOWN, CA US",37.7705,-122.4269,45.7,4/6/2020,0.25,51,45
USW00023272,"SAN FRANCISCO DOWNTOWN, CA US",37.7705,-122.4269,45.7,4/7/2020,0,61,45
USW00023272,"SAN FRANCISCO DOWNTOWN, CA US",37.7705,-122.4269,45.7,4/8/2020,0,58,50
USW00023272,"SAN FRANCISCO DOWNTOWN, CA US",37.7705,-122.4269,45.7,4/9/2020,0,61,52
USW00023272,"SAN FRANCISCO DOWNTOWN, CA US",37.7705,-122.4269,45.7,4/10/2020,0,61,52
USW00023272,"SAN FRANCISCO DOWNTOWN, CA US",37.7705,-122.4269,45.7,4/11/2020,0,56,51
USW00023272,"SAN FRANCISCO DOWNTOWN, CA US",37.7705,-122.4269,45.7,4/12/2020,0,62,51
USW00023272,"SAN FRANCISCO DOWNTOWN, CA US",37.7705,-122.4269,45.7,4/13/2020,0,63,52
USW00023272,"SAN FRANCISCO DOWNTOWN, CA US",37.7705,-122.4269,45.7,4/14/2020,0,76,49
USW00023272,"SAN FRANCISCO DOWNTOWN, CA US",37.7705,-122.4269,45.7,4/15/2020,0,69,52
USW00023272,"SAN FRANCISCO DOWNTOWN, CA US",37.7705,-122.4269,45.7,4/16/2020,0,57,51
USW00023272,"SAN FRANCISCO DOWNTOWN, CA US",37.7705,-122.4269,45.7,4/17/2020,0,59,52
USW00023272,"SAN FRANCISCO DOWNTOWN, CA US",37.7705,-122.4269,45.7,4/18/2020,0,62,54
USW00023272,"SAN FRANCISCO DOWNTOWN, CA US",37.7705,-122.4269,45.7,4/19/2020,0,62,53
USW00023272,"SAN FRANCISCO DOWNTOWN, CA US",37.7705,-122.4269,45.7,4/20/2020,0,59,52
USW00023272,"SAN FRANCISCO DOWNTOWN, CA US",37.7705,-122.4269,45.7,4/21/2020,0,63,51
USW00023272,"SAN FRANCISCO DOWNTOWN, CA US",37.7705,-122.4269,45.7,4/22/2020,0,68,51
USW00023272,"SAN FRANCISCO DOWNTOWN, CA US",37.7705,-122.4269,45.7,4/23/2020,0,69,53
USW00023272,"SAN FRANCISCO DOWNTOWN, CA US",37.7705,-122.4269,45.7,4/24/2020,0,74,54
USW00023272,"SAN FRANCISCO DOWNTOWN, CA US",37.7705,-122.4269,45.7,4/25/2020,0,71,53
USW00023272,"SAN FRANCISCO DOWNTOWN, CA US",37.7705,-122.4269,45.7,4/26/2020,0,59,52
USW00023272,"SAN FRANCISCO DOWNTOWN, CA US",37.7705,-122.4269,45.7,4/27/2020,0,67,52
USW00023272,"SAN FRANCISCO DOWNTOWN, CA US",37.7705,-122.4269,45.7,4/28/2020,0,71,54
USW00023272,"SAN FRANCISCO DOWNTOWN, CA US",37.7705,-122.4269,45.7,4/29/2020,0,61,52
USW00023272,"SAN FRANCISCO DOWNTOWN, CA US",37.7705,-122.4269,45.7,4/30/2020,0,63,52
USW00023272,"SAN FRANCISCO DOWNTOWN, CA US",37.7705,-122.4269,45.7,5/1/2020,0,65,50
USW00023272,"SAN FRANCISCO DOWNTOWN, CA US",37.7705,-122.4269,45.7,5/2/2020,0,65,52
USW00023272,"SAN FRANCISCO DOWNTOWN, CA US",37.7705,-122.4269,45.7,5/3/2020,0,62,50
USW00023272,"SAN FRANCISCO DOWNTOWN, CA US",37.7705,-122.4269,45.7,5/4/2020,0,68,49
USW00023272,"SAN FRANCISCO DOWNTOWN, CA US",37.7705,-122.4269,45.7,5/5/2020,0,63,51
USW00023272,"SAN FRANCISCO DOWNTOWN, CA US",37.7705,-122.4269,45.7,5/6/2020,0,71,52
USW00023272,"SAN FRANCISCO DOWNTOWN, CA US",37.7705,-122.4269,45.7,5/7/2020,0,76,53
USW00023272,"SAN FRANCISCO DOWNTOWN, CA US",37.7705,-122.4269,45.7,5/8/2020,0,76,51
USW00023272,"SAN FRANCISCO DOWNTOWN, CA US",37.7705,-122.4269,45.7,5/9/2020,0,60,51
USW00023272,"SAN FRANCISCO DOWNTOWN, CA US",37.7705,-122.4269,45.7,5/10/2020,0,62,54
USW00023272,"SAN FRANCISCO DOWNTOWN, CA US",37.7705,-122.4269,45.7,5/11/2020,0.03,68,53
USW00023272,"SAN FRANCISCO DOWNTOWN, CA US",37.7705,-122.4269,45.7,5/12/2020,0.08,62,55
USW00023272,"SAN FRANCISCO DOWNTOWN, CA US",37.7705,-122.4269,45.7,5/13/2020,0.02,64,52
USW00023272,"SAN FRANCISCO DOWNTOWN, CA US",37.7705,-122.4269,45.7,5/14/2020,0.08,61,56
USW00023272,"SAN FRANCISCO DOWNTOWN, CA US",37.7705,-122.4269,45.7,5/15/2020,0.01,65,54
USW00023272,"SAN FRANCISCO DOWNTOWN, CA US",37.7705,-122.4269,45.7,5/16/2020,0,69,55
USW00023272,"SAN FRANCISCO DOWNTOWN, CA US",37.7705,-122.4269,45.7,5/17/2020,0.24,69,57
USW00023272,"SAN FRANCISCO DOWNTOWN, CA US",37.7705,-122.4269,45.7,5/18/2020,0.12,63,55
USW00023272,"SAN FRANCISCO DOWNTOWN, CA US",37.7705,-122.4269,45.7,5/19/2020,0,63,54
USW00023272,"SAN FRANCISCO DOWNTOWN, CA US",37.7705,-122.4269,45.7,5/20/2020,0,65,53
USW00023272,"SAN FRANCISCO DOWNTOWN, CA US",37.7705,-122.4269,45.7,5/21/2020,0,67,53
USW00023272,"SAN FRANCISCO DOWNTOWN, CA US",37.7705,-122.4269,45.7,5/22/2020,0,66,52
USW00023272,"SAN FRANCISCO DOWNTOWN, CA US",37.7705,-122.4269,45.7,5/23/2020,0,70,52
USW00023272,"SAN FRANCISCO DOWNTOWN, CA US",37.7705,-122.4269,45.7,5/24/2020,0,72,53
USW00023272,"SAN FRANCISCO DOWNTOWN, CA US",37.7705,-122.4269,45.7,5/25/2020,0,81,55
USW00023272,"SAN FRANCISCO DOWNTOWN, CA US",37.7705,-122.4269,45.7,5/26/2020,0,81,56
USW00023272,"SAN FRANCISCO DOWNTOWN, CA US",37.7705,-122.4269,45.7,5/27/2020,0,72,54
USW00023272,"SAN FRANCISCO DOWNTOWN, CA US",37.7705,-122.4269,45.7,5/28/2020,0,62,53
USW00023272,"SAN FRANCISCO DOWNTOWN, CA US",37.7705,-122.4269,45.7,5/29/2020,0,66,54
USW00023272,"SAN FRANCISCO DOWNTOWN, CA US",37.7705,-122.4269,45.7,5/30/2020,0.01,69,57
USW00023272,"SAN FRANCISCO DOWNTOWN, CA US",37.7705,-122.4269,45.7,5/31/2020,0,62,56
USW00023272,"SAN FRANCISCO DOWNTOWN, CA US",37.7705,-122.4269,45.7,6/1/2020,0,66,55
USW00023272,"SAN FRANCISCO DOWNTOWN, CA US",37.7705,-122.4269,45.7,6/2/2020,0,78,56
USW00023272,"SAN FRANCISCO DOWNTOWN, CA US",37.7705,-122.4269,45.7,6/3/2020,0,82,58
USW00023272,"SAN FRANCISCO DOWNTOWN, CA US",37.7705,-122.4269,45.7,6/4/2020,0,72,56
USW00023272,"SAN FRANCISCO DOWNTOWN, CA US",37.7705,-122.4269,45.7,6/5/2020,0,62,54
USW00023272,"SAN FRANCISCO DOWNTOWN, CA US",37.7705,-122.4269,45.7,6/6/2020,0,63,54
USW00023272,"SAN FRANCISCO DOWNTOWN, CA US",37.7705,-122.4269,45.7,6/7/2020,0,61,53
USW00023272,"SAN FRANCISCO DOWNTOWN, CA US",37.7705,-122.4269,45.7,6/8/2020,0,70,53
USW00023272,"SAN FRANCISCO DOWNTOWN, CA US",37.7705,-122.4269,45.7,6/9/2020,0,75,53
USW00023272,"SAN FRANCISCO DOWNTOWN, CA US",37.7705,-122.4269,45.7,6/10/2020,0,72,55
USW00023272,"SAN FRANCISCO DOWNTOWN, CA US",37.7705,-122.4269,45.7,6/11/2020,0,69,54
USW00023272,"SAN FRANCISCO DOWNTOWN, CA US",37.7705,-122.4269,45.7,6/12/2020,0,63,55
USW00023272,"SAN FRANCISCO DOWNTOWN, CA US",37.7705,-122.4269,45.7,6/13/2020,0,65,55
USW00023272,"SAN FRANCISCO DOWNTOWN, CA US",37.7705,-122.4269,45.7,6/14/2020,0,64,57
USW00023272,"SAN FRANCISCO DOWNTOWN, CA US",37.7705,-122.4269,45.7,6/15/2020,0,66,57
USW00023272,"SAN FRANCISCO DOWNTOWN, CA US",37.7705,-122.4269,45.7,6/16/2020,0,66,54
USW00023272,"SAN FRANCISCO DOWNTOWN, CA US",37.7705,-122.4269,45.7,6/17/2020,0,77,56
USW00023272,"SAN FRANCISCO DOWNTOWN, CA US",37.7705,-122.4269,45.7,6/18/2020,0,82,56
USW00023272,"SAN FRANCISCO DOWNTOWN, CA US",37.7705,-122.4269,45.7,6/19/2020,0,64,53
USW00023272,"SAN FRANCISCO DOWNTOWN, CA US",37.7705,-122.4269,45.7,6/20/2020,0,63,54
USW00023272,"SAN FRANCISCO DOWNTOWN, CA US",37.7705,-122.4269,45.7,6/21/2020,0,64,55
USW00023272,"SAN FRANCISCO DOWNTOWN, CA US",37.7705,-122.4269,45.7,6/22/2020,0,66,55
USW00023272,"SAN FRANCISCO DOWNTOWN, CA US",37.7705,-122.4269,45.7,6/23/2020,0,64,55
USW00023272,"SAN FRANCISCO DOWNTOWN, CA US",37.7705,-122.4269,45.7,6/24/2020,0,67,55
USW00023272,"SAN FRANCISCO DOWNTOWN, CA US",37.7705,-122.4269,45.7,6/25/2020,0,64,54
USW00023272,"SAN FRANCISCO DOWNTOWN, CA US",37.7705,-122.4269,45.7,6/26/2020,0,64,55
USW00023272,"SAN FRANCISCO DOWNTOWN, CA US",37.7705,-122.4269,45.7,6/27/2020,0,61,55
USW00023272,"SAN FRANCISCO DOWNTOWN, CA US",37.7705,-122.4269,45.7,6/28/2020,0,63,54
USW00023272,"SAN FRANCISCO DOWNTOWN, CA US",37.7705,-122.4269,45.7,6/29/2020,0,68,54
USW00023272,"SAN FRANCISCO DOWNTOWN, CA US",37.7705,-122.4269,45.7,6/30/2020,0,73,55
USW00023272,"SAN FRANCISCO DOWNTOWN, CA US",37.7705,-122.4269,45.7,7/1/2020,0,67,54
USW00023272,"SAN FRANCISCO DOWNTOWN, CA US",37.7705,-122.4269,45.7,7/2/2020,0,67,54
USW00023272,"SAN FRANCISCO DOWNTOWN, CA US",37.7705,-122.4269,45.7,7/3/2020,0,62,54
USW00023272,"SAN FRANCISCO DOWNTOWN, CA US",37.7705,-122.4269,45.7,7/4/2020,0,71,54
USW00023272,"SAN FRANCISCO DOWNTOWN, CA US",37.7705,-122.4269,45.7,7/5/2020,0,70,56
USW00023272,"SAN FRANCISCO DOWNTOWN, CA US",37.7705,-122.4269,45.7,7/6/2020,0,66,54
USW00023272,"SAN FRANCISCO DOWNTOWN, CA US",37.7705,-122.4269,45.7,7/7/2020,0,67,52
USW00023272,"SAN FRANCISCO DOWNTOWN, CA US",37.7705,-122.4269,45.7,7/8/2020,0,69,54
USW00023272,"SAN FRANCISCO DOWNTOWN, CA US",37.7705,-122.4269,45.7,7/9/2020,0,72,54
USW00023272,"SAN FRANCISCO DOWNTOWN, CA US",37.7705,-122.4269,45.7,7/10/2020,0,68,52
USW00023272,"SAN FRANCISCO DOWNTOWN, CA US",37.7705,-122.4269,45.7,7/11/2020,0,71,54
USW00023272,"SAN FRANCISCO DOWNTOWN, CA US",37.7705,-122.4269,45.7,7/12/2020,0,71,54
USW00023272,"SAN FRANCISCO DOWNTOWN, CA US",37.7705,-122.4269,45.7,7/13/2020,0,61,54
USW00023272,"SAN FRANCISCO DOWNTOWN, CA US",37.7705,-122.4269,45.7,7/14/2020,0,67,55
USW00023272,"SAN FRANCISCO DOWNTOWN, CA US",37.7705,-122.4269,45.7,7/15/2020,0,66,56
USW00023272,"SAN FRANCISCO DOWNTOWN, CA US",37.7705,-122.4269,45.7,7/16/2020,0,64,56
USW00023272,"SAN FRANCISCO DOWNTOWN, CA US",37.7705,-122.4269,45.7,7/17/2020,0,66,57
USW00023272,"SAN FRANCISCO DOWNTOWN, CA US",37.7705,-122.4269,45.7,7/18/2020,0,67,57
USW00023272,"SAN FRANCISCO DOWNTOWN, CA US",37.7705,-122.4269,45.7,7/19/2020,0,65,57
USW00023272,"SAN FRANCISCO DOWNTOWN, CA US",37.7705,-122.4269,45.7,7/20/2020,0,61,56
USW00023272,"SAN FRANCISCO DOWNTOWN, CA US",37.7705,-122.4269,45.7,7/21/2020,0,64,55
USW00023272,"SAN FRANCISCO DOWNTOWN, CA US",37.7705,-122.4269,45.7,7/22/2020,0.03,69,56
USW00023272,"SAN FRANCISCO DOWNTOWN, CA US",37.7705,-122.4269,45.7,7/23/2020,0,66,55
USW00023272,"SAN FRANCISCO DOWNTOWN, CA US",37.7705,-122.4269,45.7,7/24/2020,0,61,55
USW00023272,"SAN FRANCISCO DOWNTOWN, CA US",37.7705,-122.4269,45.7,7/25/2020,0,68,56
USW00023272,"SAN FRANCISCO DOWNTOWN, CA US",37.7705,-122.4269,45.7,7/26/2020,0,65,57
USW00023272,"SAN FRANCISCO DOWNTOWN, CA US",37.7705,-122.4269,45.7,7/27/2020,0,64,54
USW00023272,"SAN FRANCISCO DOWNTOWN, CA US",37.7705,-122.4269,45.7,7/28/2020,0,62,55
USW00023272,"SAN FRANCISCO DOWNTOWN, CA US",37.7705,-122.4269,45.7,7/29/2020,0,62,54
USW00023272,"SAN FRANCISCO DOWNTOWN, CA US",37.7705,-122.4269,45.7,7/30/2020,0,63,55
USW00023272,"SAN FRANCISCO DOWNTOWN, CA US",37.7705,-122.4269,45.7,7/31/2020,0,64,55
USW00023272,"SAN FRANCISCO DOWNTOWN, CA US",37.7705,-122.4269,45.7,8/1/2020,0,65,55
USW00023272,"SAN FRANCISCO DOWNTOWN, CA US",37.7705,-122.4269,45.7,8/2/2020,0,65,54
USW00023272,"SAN FRANCISCO DOWNTOWN, CA US",37.7705,-122.4269,45.7,8/3/2020,0,73,57
USW00023272,"SAN FRANCISCO DOWNTOWN, CA US",37.7705,-122.4269,45.7,8/4/2020,0,63,55
USW00023272,"SAN FRANCISCO DOWNTOWN, CA US",37.7705,-122.4269,45.7,8/5/2020,0,63,55
USW00023272,"SAN FRANCISCO DOWNTOWN, CA US",37.7705,-122.4269,45.7,8/6/2020,0,70,55
USW00023272,"SAN FRANCISCO DOWNTOWN, CA US",37.7705,-122.4269,45.7,8/7/2020,0,67,56
USW00023272,"SAN FRANCISCO DOWNTOWN, CA US",37.7705,-122.4269,45.7,8/8/2020,0,68,56
USW00023272,"SAN FRANCISCO DOWNTOWN, CA US",37.7705,-122.4269,45.7,8/9/2020,0,65,55
USW00023272,"SAN FRANCISCO DOWNTOWN, CA US",37.7705,-122.4269,45.7,8/10/2020,0,64,56
USW00023272,"SAN FRANCISCO DOWNTOWN, CA US",37.7705,-122.4269,45.7,8/11/2020,0,67,58
USW00023272,"SAN FRANCISCO DOWNTOWN, CA US",37.7705,-122.4269,45.7,8/12/2020,0,64,55
USW00023272,"SAN FRANCISCO DOWNTOWN, CA US",37.7705,-122.4269,45.7,8/13/2020,0,83,55
USW00023272,"SAN FRANCISCO DOWNTOWN, CA US",37.7705,-122.4269,45.7,8/14/2020,0,95,62
USW00023272,"SAN FRANCISCO DOWNTOWN, CA US",37.7705,-122.4269,45.7,8/15/2020,0,86,64
USW00023272,"SAN FRANCISCO DOWNTOWN, CA US",37.7705,-122.4269,45.7,8/16/2020,0.01,81,62
USW00023272,"SAN FRANCISCO DOWNTOWN, CA US",37.7705,-122.4269,45.7,8/17/2020,0,81,62
USW00023272,"SAN FRANCISCO DOWNTOWN, CA US",37.7705,-122.4269,45.7,8/18/2020,0,77,61
USW00023272,"SAN FRANCISCO DOWNTOWN, CA US",37.7705,-122.4269,45.7,8/19/2020,0,77,60
USW00023272,"SAN FRANCISCO DOWNTOWN, CA US",37.7705,-122.4269,45.7,8/20/2020,0,72,54
USW00023272,"SAN FRANCISCO DOWNTOWN, CA US",37.7705,-122.4269,45.7,8/21/2020,0,75,58
USW00023272,"SAN FRANCISCO DOWNTOWN, CA US",37.7705,-122.4269,45.7,8/22/2020,0,74,57
USW00023272,"SAN FRANCISCO DOWNTOWN, CA US",37.7705,-122.4269,45.7,8/23/2020,0,68,57
USW00023272,"SAN FRANCISCO DOWNTOWN, CA US",37.7705,-122.4269,45.7,8/24/2020,0,68,57
USW00023272,"SAN FRANCISCO DOWNTOWN, CA US",37.7705,-122.4269,45.7,8/25/2020,0,67,57
USW00023272,"SAN FRANCISCO DOWNTOWN, CA US",37.7705,-122.4269,45.7,8/26/2020,0,59,54
USW00023272,"SAN FRANCISCO DOWNTOWN, CA US",37.7705,-122.4269,45.7,8/27/2020,0,64,54
USW00023272,"SAN FRANCISCO DOWNTOWN, CA US",37.7705,-122.4269,45.7,8/28/2020,0,62,54
USW00023272,"SAN FRANCISCO DOWNTOWN, CA US",37.7705,-122.4269,45.7,8/29/2020,0,63,55
USW00023272,"SAN FRANCISCO DOWNTOWN, CA US",37.7705,-122.4269,45.7,8/30/2020,0,62,54
USW00023272,"SAN FRANCISCO DOWNTOWN, CA US",37.7705,-122.4269,45.7,8/31/2020,0,64,55
USW00023272,"SAN FRANCISCO DOWNTOWN, CA US",37.7705,-122.4269,45.7,9/1/2020,0,65,56
USW00023272,"SAN FRANCISCO DOWNTOWN, CA US",37.7705,-122.4269,45.7,9/2/2020,0,66,58
USW00023272,"SAN FRANCISCO DOWNTOWN, CA US",37.7705,-122.4269,45.7,9/3/2020,0,64,56
USW00023272,"SAN FRANCISCO DOWNTOWN, CA US",37.7705,-122.4269,45.7,9/4/2020,0,69,55
USW00023272,"SAN FRANCISCO DOWNTOWN, CA US",37.7705,-122.4269,45.7,9/5/2020,0,89,58
USW00023272,"SAN FRANCISCO DOWNTOWN, CA US",37.7705,-122.4269,45.7,9/6/2020,0,100,71
USW00023272,"SAN FRANCISCO DOWNTOWN, CA US",37.7705,-122.4269,45.7,9/7/2020,0,91,62
USW00023272,"SAN FRANCISCO DOWNTOWN, CA US",37.7705,-122.4269,45.7,9/8/2020,0,71,57
USW00023272,"SAN FRANCISCO DOWNTOWN, CA US",37.7705,-122.4269,45.7,9/9/2020,0,60,57
USW00023272,"SAN FRANCISCO DOWNTOWN, CA US",37.7705,-122.4269,45.7,9/10/2020,0,64,57
USW00023272,"SAN FRANCISCO DOWNTOWN, CA US",37.7705,-122.4269,45.7,9/11/2020,0,71,54
USW00023272,"SAN FRANCISCO DOWNTOWN, CA US",37.7705,-122.4269,45.7,9/12/2020,0,72,54
USW00023272,"SAN FRANCISCO DOWNTOWN, CA US",37.7705,-122.4269,45.7,9/13/2020,0,62,55
USW00023272,"SAN FRANCISCO DOWNTOWN, CA US",37.7705,-122.4269,45.7,9/14/2020,0,64,57
USW00023272,"SAN FRANCISCO DOWNTOWN, CA US",37.7705,-122.4269,45.7,9/15/2020,0,69,58
USW00023272,"SAN FRANCISCO DOWNTOWN, CA US",37.7705,-122.4269,45.7,9/16/2020,0,74,62
USW00023272,"SAN FRANCISCO DOWNTOWN, CA US",37.7705,-122.4269,45.7,9/17/2020,0,67,59
USW00023272,"SAN FRANCISCO DOWNTOWN, CA US",37.7705,-122.4269,45.7,9/18/2020,0,68,60
USW00023272,"SAN FRANCISCO DOWNTOWN, CA US",37.7705,-122.4269,45.7,9/19/2020,0,73,60
USW00023272,"SAN FRANCISCO DOWNTOWN, CA US",37.7705,-122.4269,45.7,9/20/2020,0,78,59
USW00023272,"SAN FRANCISCO DOWNTOWN, CA US",37.7705,-122.4269,45.7,9/21/2020,0,71,57
USW00023272,"SAN FRANCISCO DOWNTOWN, CA US",37.7705,-122.4269,45.7,9/22/2020,0,67,57
USW00023272,"SAN FRANCISCO DOWNTOWN, CA US",37.7705,-122.4269,45.7,9/23/2020,0,71,57
USW00023272,"SAN FRANCISCO DOWNTOWN, CA US",37.7705,-122.4269,45.7,9/24/2020,0,71,59
USW00023272,"SAN FRANCISCO DOWNTOWN, CA US",37.7705,-122.4269,45.7,9/25/2020,0,69,58
USW00023272,"SAN FRANCISCO DOWNTOWN, CA US",37.7705,-122.4269,45.7,9/26/2020,0,74,59
USW00023272,"SAN FRANCISCO DOWNTOWN, CA US",37.7705,-122.4269,45.7,9/27/2020,0,89,62
USW00023272,"SAN FRANCISCO DOWNTOWN, CA US",37.7705,-122.4269,45.7,9/28/2020,0,94,58
USW00023272,"SAN FRANCISCO DOWNTOWN, CA US",37.7705,-122.4269,45.7,9/29/2020,0,64,55
USW00023272,"SAN FRANCISCO DOWNTOWN, CA US",37.7705,-122.4269,45.7,9/30/2020,0,81,57
USW00023272,"SAN FRANCISCO DOWNTOWN, CA US",37.7705,-122.4269,45.7,10/1/2020,0,93,64
USW00023272,"SAN FRANCISCO DOWNTOWN, CA US",37.7705,-122.4269,45.7,10/2/2020,0,88,57
USW00023272,"SAN FRANCISCO DOWNTOWN, CA US",37.7705,-122.4269,45.7,10/3/2020,0,77,56
USW00023272,"SAN FRANCISCO DOWNTOWN, CA US",37.7705,-122.4269,45.7,10/4/2020,0,63,54
USW00023272,"SAN FRANCISCO DOWNTOWN, CA US",37.7705,-122.4269,45.7,10/5/2020,0,70,52
USW00023272,"SAN FRANCISCO DOWNTOWN, CA US",37.7705,-122.4269,45.7,10/6/2020,0.01,61,51
USW00023272,"SAN FRANCISCO DOWNTOWN, CA US",37.7705,-122.4269,45.7,10/7/2020,0,61,54
USW00023272,"SAN FRANCISCO DOWNTOWN, CA US",37.7705,-122.4269,45.7,10/8/2020,0,61,57
USW00023272,"SAN FRANCISCO DOWNTOWN, CA US",37.7705,-122.4269,45.7,10/9/2020,0,67,56
USW00023272,"SAN FRANCISCO DOWNTOWN, CA US",37.7705,-122.4269,45.7,10/10/2020,0,66,57
USW00023272,"SAN FRANCISCO DOWNTOWN, CA US",37.7705,-122.4269,45.7,10/11/2020,0,72,56
USW00023272,"SAN FRANCISCO DOWNTOWN, CA US",37.7705,-122.4269,45.7,10/12/2020,0,81,58
USW00023272,"SAN FRANCISCO DOWNTOWN, CA US",37.7705,-122.4269,45.7,10/13/2020,0,82,59
USW00023272,"SAN FRANCISCO DOWNTOWN, CA US",37.7705,-122.4269,45.7,10/14/2020,0,83,62
USW00023272,"SAN FRANCISCO DOWNTOWN, CA US",37.7705,-122.4269,45.7,10/15/2020,0,90,65
USW00023272,"SAN FRANCISCO DOWNTOWN, CA US",37.7705,-122.4269,45.7,10/16/2020,0,92,69
USW00023272,"SAN FRANCISCO DOWNTOWN, CA US",37.7705,-122.4269,45.7,10/17/2020,0,93,64
USW00023272,"SAN FRANCISCO DOWNTOWN, CA US",37.7705,-122.4269,45.7,10/18/2020,0,76,58
USW00023272,"SAN FRANCISCO DOWNTOWN, CA US",37.7705,-122.4269,45.7,10/19/2020,0,69,55
USW00023272,"SAN FRANCISCO DOWNTOWN, CA US",37.7705,-122.4269,45.7,10/20/2020,0,74,53
USW00023272,"SAN FRANCISCO DOWNTOWN, CA US",37.7705,-122.4269,45.7,10/21/2020,0,75,57
USW00023272,"SAN FRANCISCO DOWNTOWN, CA US",37.7705,-122.4269,45.7,10/22/2020,0,63,54
USW00023272,"SAN FRANCISCO DOWNTOWN, CA US",37.7705,-122.4269,45.7,10/23/2020,0,66,54
USW00023272,"SAN FRANCISCO DOWNTOWN, CA US",37.7705,-122.4269,45.7,10/24/2020,0,66,54
USW00023272,"SAN FRANCISCO DOWNTOWN, CA US",37.7705,-122.4269,45.7,10/25/2020,0,69,55
USW00023272,"SAN FRANCISCO DOWNTOWN, CA US",37.7705,-122.4269,45.7,10/26/2020,0,73,58
USW00023272,"SAN FRANCISCO DOWNTOWN, CA US",37.7705,-122.4269,45.7,10/27/2020,0,75,56
USW00023272,"SAN FRANCISCO DOWNTOWN, CA US",37.7705,-122.4269,45.7,10/28/2020,0,74,54
USW00023272,"SAN FRANCISCO DOWNTOWN, CA US",37.7705,-122.4269,45.7,10/29/2020,0,74,53
USW00023272,"SAN FRANCISCO DOWNTOWN, CA US",37.7705,-122.4269,45.7,10/30/2020,0,61,49
USW00023272,"SAN FRANCISCO DOWNTOWN, CA US",37.7705,-122.4269,45.7,10/31/2020,0,75,50
USW00023272,"SAN FRANCISCO DOWNTOWN, CA US",37.7705,-122.4269,45.7,11/1/2020,0,77,54
USW00023272,"SAN FRANCISCO DOWNTOWN, CA US",37.7705,-122.4269,45.7,11/2/2020,0,77,53
USW00023272,"SAN FRANCISCO DOWNTOWN, CA US",37.7705,-122.4269,45.7,11/3/2020,0,66,50
USW00023272,"SAN FRANCISCO DOWNTOWN, CA US",37.7705,-122.4269,45.7,11/4/2020,0,71,54
USW00023272,"SAN FRANCISCO DOWNTOWN, CA US",37.7705,-122.4269,45.7,11/5/2020,0,74,57
USW00023272,"SAN FRANCISCO DOWNTOWN, CA US",37.7705,-122.4269,45.7,11/6/2020,0,59,51
USW00023272,"SAN FRANCISCO DOWNTOWN, CA US",37.7705,-122.4269,45.7,11/7/2020,0,60,48
USW00023272,"SAN FRANCISCO DOWNTOWN, CA US",37.7705,-122.4269,45.7,11/8/2020,0,55,49
USW00023272,"SAN FRANCISCO DOWNTOWN, CA US",37.7705,-122.4269,45.7,11/9/2020,0,58,45
USW00023272,"SAN FRANCISCO DOWNTOWN, CA US",37.7705,-122.4269,45.7,11/10/2020,0,61,46
USW00023272,"SAN FRANCISCO DOWNTOWN, CA US",37.7705,-122.4269,45.7,11/11/2020,0,57,50
USW00023272,"SAN FRANCISCO DOWNTOWN, CA US",37.7705,-122.4269,45.7,11/12/2020,0,61,47
USW00023272,"SAN FRANCISCO DOWNTOWN, CA US",37.7705,-122.4269,45.7,11/13/2020,0.07,58,49
USW00023272,"SAN FRANCISCO DOWNTOWN, CA US",37.7705,-122.4269,45.7,11/14/2020,0,60,49
USW00023272,"SAN FRANCISCO DOWNTOWN, CA US",37.7705,-122.4269,45.7,11/15/2020,0,65,47
USW00023272,"SAN FRANCISCO DOWNTOWN, CA US",37.7705,-122.4269,45.7,11/16/2020,0,68,52
USW00023272,"SAN FRANCISCO DOWNTOWN, CA US",37.7705,-122.4269,45.7,11/17/2020,0.31,63,54
USW00023272,"SAN FRANCISCO DOWNTOWN, CA US",37.7705,-122.4269,45.7,11/18/2020,0.11,63,53
USW00023272,"SAN FRANCISCO DOWNTOWN, CA US",37.7705,-122.4269,45.7,11/19/2020,0,62,51
USW00023272,"SAN FRANCISCO DOWNTOWN, CA US",37.7705,-122.4269,45.7,11/20/2020,0,62,48
USW00023272,"SAN FRANCISCO DOWNTOWN, CA US",37.7705,-122.4269,45.7,11/21/2020,0,62,46
USW00023272,"SAN FRANCISCO DOWNTOWN, CA US",37.7705,-122.4269,45.7,11/22/2020,0,57,46
USW00023272,"SAN FRANCISCO DOWNTOWN, CA US",37.7705,-122.4269,45.7,11/23/2020,0,60,50
USW00023272,"SAN FRANCISCO DOWNTOWN, CA US",37.7705,-122.4269,45.7,11/24/2020,0,64,48
USW00023272,"SAN FRANCISCO DOWNTOWN, CA US",37.7705,-122.4269,45.7,11/25/2020,0,59,50
USW00023272,"SAN FRANCISCO DOWNTOWN, CA US",37.7705,-122.4269,45.7,11/26/2020,0,62,48
USW00023272,"SAN FRANCISCO DOWNTOWN, CA US",37.7705,-122.4269,45.7,11/27/2020,0,63,48
USW00023272,"SAN FRANCISCO DOWNTOWN, CA US",37.7705,-122.4269,45.7,11/28/2020,0,60,46
USW00023272,"SAN FRANCISCO DOWNTOWN, CA US",37.7705,-122.4269,45.7,11/29/2020,0,62,46
USW00023272,"SAN FRANCISCO DOWNTOWN, CA US",37.7705,-122.4269,45.7,11/30/2020,0,61,45
USW00023272,"SAN FRANCISCO DOWNTOWN, CA US",37.7705,-122.4269,45.7,12/1/2020,0,63,46
USW00023272,"SAN FRANCISCO DOWNTOWN, CA US",37.7705,-122.4269,45.7,12/2/2020,0,63,47
USW00023272,"SAN FRANCISCO DOWNTOWN, CA US",37.7705,-122.4269,45.7,12/3/2020,0,62,48
USW00023272,"SAN FRANCISCO DOWNTOWN, CA US",37.7705,-122.4269,45.7,12/4/2020,0,65,48
USW00023272,"SAN FRANCISCO DOWNTOWN, CA US",37.7705,-122.4269,45.7,12/5/2020,0,60,48
USW00023272,"SAN FRANCISCO DOWNTOWN, CA US",37.7705,-122.4269,45.7,12/6/2020,0,61,48
USW00023272,"SAN FRANCISCO DOWNTOWN, CA US",37.7705,-122.4269,45.7,12/7/2020,0,71,49
USW00023272,"SAN FRANCISCO DOWNTOWN, CA US",37.7705,-122.4269,45.7,12/8/2020,0,71,50
USW00023272,"SAN FRANCISCO DOWNTOWN, CA US",37.7705,-122.4269,45.7,12/9/2020,0,65,49
USW00023272,"SAN FRANCISCO DOWNTOWN, CA US",37.7705,-122.4269,45.7,12/10/2020,0,63,49
USW00023272,"SAN FRANCISCO DOWNTOWN, CA US",37.7705,-122.4269,45.7,12/11/2020,0.32,55,48
USW00023272,"SAN FRANCISCO DOWNTOWN, CA US",37.7705,-122.4269,45.7,12/12/2020,0.12,56,51
USW00023272,"SAN FRANCISCO DOWNTOWN, CA US",37.7705,-122.4269,45.7,12/13/2020,0.75,57,49
USW00023272,"SAN FRANCISCO DOWNTOWN, CA US",37.7705,-122.4269,45.7,12/14/2020,0,57,46
USW00023272,"SAN FRANCISCO DOWNTOWN, CA US",37.7705,-122.4269,45.7,12/15/2020,0,57,48
USW00023272,"SAN FRANCISCO DOWNTOWN, CA US",37.7705,-122.4269,45.7,12/16/2020,0,59,47
USW00023272,"SAN FRANCISCO DOWNTOWN, CA US",37.7705,-122.4269,45.7,12/17/2020,0.39,56,49
USW00023272,"SAN FRANCISCO DOWNTOWN, CA US",37.7705,-122.4269,45.7,12/18/2020,0,61,45
USW00023272,"SAN FRANCISCO DOWNTOWN, CA US",37.7705,-122.4269,45.7,12/19/2020,0,56,44
USW00023272,"SAN FRANCISCO DOWNTOWN, CA US",37.7705,-122.4269,45.7,12/20/2020,0,58,45
USW00023272,"SAN FRANCISCO DOWNTOWN, CA US",37.7705,-122.4269,45.7,12/21/2020,0,59,46
USW00023272,"SAN FRANCISCO DOWNTOWN, CA US",37.7705,-122.4269,45.7,12/22/2020,0,58,48
USW00023272,"SAN FRANCISCO DOWNTOWN, CA US",37.7705,-122.4269,45.7,12/23/2020,0,58,44
USW00023272,"SAN FRANCISCO DOWNTOWN, CA US",37.7705,-122.4269,45.7,12/24/2020,0,57,44
USW00023272,"SAN FRANCISCO DOWNTOWN, CA US",37.7705,-122.4269,45.7,12/25/2020,0.33,59,48
USW00023272,"SAN FRANCISCO DOWNTOWN, CA US",37.7705,-122.4269,45.7,12/26/2020,0,57,51
USW00023272,"SAN FRANCISCO DOWNTOWN, CA US",37.7705,-122.4269,45.7,12/27/2020,0,57,47
USW00023272,"SAN FRANCISCO DOWNTOWN, CA US",37.7705,-122.4269,45.7,12/28/2020,0.11,54,47
USW00023272,"SAN FRANCISCO DOWNTOWN, CA US",37.7705,-122.4269,45.7,12/29/2020,0,60,44
USW00023272,"SAN FRANCISCO DOWNTOWN, CA US",37.7705,-122.4269,45.7,12/30/2020,0.03,54,43
USW00023272,"SAN FRANCISCO DOWNTOWN, CA US",37.7705,-122.4269,45.7,12/31/2020,0.02,57,48
USW00023272,"SAN FRANCISCO DOWNTOWN, CA US",37.7705,-122.4269,45.7,1/1/2021,0.01,58,45
USW00023272,"SAN FRANCISCO DOWNTOWN, CA US",37.7705,-122.4269,45.7,1/2/2021,0.2,52,48
USW00023272,"SAN FRANCISCO DOWNTOWN, CA US",37.7705,-122.4269,45.7,1/3/2021,0,53,48
USW00023272,"SAN FRANCISCO DOWNTOWN, CA US",37.7705,-122.4269,45.7,1/4/2021,0.24,59,50
USW00023272,"SAN FRANCISCO DOWNTOWN, CA US",37.7705,-122.4269,45.7,1/5/2021,0,55,45
USW00023272,"SAN FRANCISCO DOWNTOWN, CA US",37.7705,-122.4269,45.7,1/6/2021,0.03,55,46
USW00023272,"SAN FRANCISCO DOWNTOWN, CA US",37.7705,-122.4269,45.7,1/7/2021,0,57,49
USW00023272,"SAN FRANCISCO DOWNTOWN, CA US",37.7705,-122.4269,45.7,1/8/2021,0.04,56,49
USW00023272,"SAN FRANCISCO DOWNTOWN, CA US",37.7705,-122.4269,45.7,1/9/2021,0,60,44
USW00023272,"SAN FRANCISCO DOWNTOWN, CA US",37.7705,-122.4269,45.7,1/10/2021,0,55,46
USW00023272,"SAN FRANCISCO DOWNTOWN, CA US",37.7705,-122.4269,45.7,1/11/2021,0,58,47
USW00023272,"SAN FRANCISCO DOWNTOWN, CA US",37.7705,-122.4269,45.7,1/12/2021,0,59,50
USW00023272,"SAN FRANCISCO DOWNTOWN, CA US",37.7705,-122.4269,45.7,1/13/2021,0,64,51
USW00023272,"SAN FRANCISCO DOWNTOWN, CA US",37.7705,-122.4269,45.7,1/14/2021,0,65,50
USW00023272,"SAN FRANCISCO DOWNTOWN, CA US",37.7705,-122.4269,45.7,1/15/2021,0,68,49
USW00023272,"SAN FRANCISCO DOWNTOWN, CA US",37.7705,-122.4269,45.7,1/16/2021,0,67,52
USW00023272,"SAN FRANCISCO DOWNTOWN, CA US",37.7705,-122.4269,45.7,1/17/2021,0,74,51
USW00023272,"SAN FRANCISCO DOWNTOWN, CA US",37.7705,-122.4269,45.7,1/18/2021,0,76,53
USW00023272,"SAN FRANCISCO DOWNTOWN, CA US",37.7705,-122.4269,45.7,1/19/2021,0,67,55
USW00023272,"SAN FRANCISCO DOWNTOWN, CA US",37.7705,-122.4269,45.7,1/20/2021,0,65,49
USW00023272,"SAN FRANCISCO DOWNTOWN, CA US",37.7705,-122.4269,45.7,1/21/2021,0,55,42
USW00023272,"SAN FRANCISCO DOWNTOWN, CA US",37.7705,-122.4269,45.7,1/22/2021,0.13,54,48
USW00023272,"SAN FRANCISCO DOWNTOWN, CA US",37.7705,-122.4269,45.7,1/23/2021,0,56,46
USW00023272,"SAN FRANCISCO DOWNTOWN, CA US",37.7705,-122.4269,45.7,1/24/2021,0.1,50,45
USW00023272,"SAN FRANCISCO DOWNTOWN, CA US",37.7705,-122.4269,45.7,1/25/2021,0.01,52,43
USW00023272,"SAN FRANCISCO DOWNTOWN, CA US",37.7705,-122.4269,45.7,1/26/2021,0.35,50,40
USW00023272,"SAN FRANCISCO DOWNTOWN, CA US",37.7705,-122.4269,45.7,1/27/2021,0.63,53,45
USW00023272,"SAN FRANCISCO DOWNTOWN, CA US",37.7705,-122.4269,45.7,1/28/2021,0.61,53,47
USW00023272,"SAN FRANCISCO DOWNTOWN, CA US",37.7705,-122.4269,45.7,1/29/2021,0.47,53,44
USW00023272,"SAN FRANCISCO DOWNTOWN, CA US",37.7705,-122.4269,45.7,1/30/2021,0,58,46
USW00023272,"SAN FRANCISCO DOWNTOWN, CA US",37.7705,-122.4269,45.7,1/31/2021,0,60,50
USW00023272,"SAN FRANCISCO DOWNTOWN, CA US",37.7705,-122.4269,45.7,2/1/2021,0.3,63,48
USW00023272,"SAN FRANCISCO DOWNTOWN, CA US",37.7705,-122.4269,45.7,2/2/2021,0.22,59,49
USW00023272,"SAN FRANCISCO DOWNTOWN, CA US",37.7705,-122.4269,45.7,2/3/2021,0,57,44
USW00023272,"SAN FRANCISCO DOWNTOWN, CA US",37.7705,-122.4269,45.7,2/4/2021,0,59,46
USW00023272,"SAN FRANCISCO DOWNTOWN, CA US",37.7705,-122.4269,45.7,2/5/2021,0,66,45
USW00023272,"SAN FRANCISCO DOWNTOWN, CA US",37.7705,-122.4269,45.7,2/6/2021,0,68,46
USW00023272,"SAN FRANCISCO DOWNTOWN, CA US",37.7705,-122.4269,45.7,2/7/2021,0,65,46
USW00023272,"SAN FRANCISCO DOWNTOWN, CA US",37.7705,-122.4269,45.7,2/8/2021,0,59,46
USW00023272,"SAN FRANCISCO DOWNTOWN, CA US",37.7705,-122.4269,45.7,2/9/2021,0,56,50
USW00023272,"SAN FRANCISCO DOWNTOWN, CA US",37.7705,-122.4269,45.7,2/10/2021,0,57,49
USW00023272,"SAN FRANCISCO DOWNTOWN, CA US",37.7705,-122.4269,45.7,2/11/2021,0.52,57,49
USW00023272,"SAN FRANCISCO DOWNTOWN, CA US",37.7705,-122.4269,45.7,2/12/2021,0,56,49
USW00023272,"SAN FRANCISCO DOWNTOWN, CA US",37.7705,-122.4269,45.7,2/13/2021,0.08,57,49
USW00023272,"SAN FRANCISCO DOWNTOWN, CA US",37.7705,-122.4269,45.7,2/14/2021,0.04,55,48
USW00023272,"SAN FRANCISCO DOWNTOWN, CA US",37.7705,-122.4269,45.7,2/15/2021,0.25,55,50
USW00023272,"SAN FRANCISCO DOWNTOWN, CA US",37.7705,-122.4269,45.7,2/16/2021,0,54,47
USW00023272,"SAN FRANCISCO DOWNTOWN, CA US",37.7705,-122.4269,45.7,2/17/2021,0,62,45
USW00023272,"SAN FRANCISCO DOWNTOWN, CA US",37.7705,-122.4269,45.7,2/18/2021,0,62,46
USW00023272,"SAN FRANCISCO DOWNTOWN, CA US",37.7705,-122.4269,45.7,2/19/2021,0.28,54,48
USW00023272,"SAN FRANCISCO DOWNTOWN, CA US",37.7705,-122.4269,45.7,2/20/2021,0.02,59,48
USW00023272,"SAN FRANCISCO DOWNTOWN, CA US",37.7705,-122.4269,45.7,2/21/2021,0,61,46
USW00023272,"SAN FRANCISCO DOWNTOWN, CA US",37.7705,-122.4269,45.7,2/22/2021,0,68,48
USW00023272,"SAN FRANCISCO DOWNTOWN, CA US",37.7705,-122.4269,45.7,2/23/2021,0,77,51
USW00023272,"SAN FRANCISCO DOWNTOWN, CA US",37.7705,-122.4269,45.7,2/24/2021,0,70,48
USW00023272,"SAN FRANCISCO DOWNTOWN, CA US",37.7705,-122.4269,45.7,2/25/2021,0,64,51
USW00023272,"SAN FRANCISCO DOWNTOWN, CA US",37.7705,-122.4269,45.7,2/26/2021,0,58,46
USW00023272,"SAN FRANCISCO DOWNTOWN, CA US",37.7705,-122.4269,45.7,2/27/2021,0,59,44
USW00023272,"SAN FRANCISCO DOWNTOWN, CA US",37.7705,-122.4269,45.7,2/28/2021,0,66,50
USW00023272,"SAN FRANCISCO DOWNTOWN, CA US",37.7705,-122.4269,45.7,3/1/2021,0,67,48
USW00023272,"SAN FRANCISCO DOWNTOWN, CA US",37.7705,-122.4269,45.7,3/2/2021,0,61,47
USW00023272,"SAN FRANCISCO DOWNTOWN, CA US",37.7705,-122.4269,45.7,3/3/2021,0,59,48
USW00023272,"SAN FRANCISCO DOWNTOWN, CA US",37.7705,-122.4269,45.7,3/4/2021,0,58,47
USW00023272,"SAN FRANCISCO DOWNTOWN, CA US",37.7705,-122.4269,45.7,3/5/2021,0.22,63,47
USW00023272,"SAN FRANCISCO DOWNTOWN, CA US",37.7705,-122.4269,45.7,3/6/2021,0.05,54,45
USW00023272,"SAN FRANCISCO DOWNTOWN, CA US",37.7705,-122.4269,45.7,3/7/2021,0,57,44
USW00023272,"SAN FRANCISCO DOWNTOWN, CA US",37.7705,-122.4269,45.7,3/8/2021,0,57,48
USW00023272,"SAN FRANCISCO DOWNTOWN, CA US",37.7705,-122.4269,45.7,3/9/2021,0.31,56,45
USW00023272,"SAN FRANCISCO DOWNTOWN, CA US",37.7705,-122.4269,45.7,3/10/2021,0.3,53,44
USW00023272,"SAN FRANCISCO DOWNTOWN, CA US",37.7705,-122.4269,45.7,3/11/2021,0.14,56,43
USW00023272,"SAN FRANCISCO DOWNTOWN, CA US",37.7705,-122.4269,45.7,3/12/2021,0,60,45
USW00023272,"SAN FRANCISCO DOWNTOWN, CA US",37.7705,-122.4269,45.7,3/13/2021,0,53,48
USW00023272,"SAN FRANCISCO DOWNTOWN, CA US",37.7705,-122.4269,45.7,3/14/2021,0.16,55,45
USW00023272,"SAN FRANCISCO DOWNTOWN, CA US",37.7705,-122.4269,45.7,3/15/2021,0,53,44
USW00023272,"SAN FRANCISCO DOWNTOWN, CA US",37.7705,-122.4269,45.7,3/16/2021,0,53,43
USW00023272,"SAN FRANCISCO DOWNTOWN, CA US",37.7705,-122.4269,45.7,3/17/2021,0,54,44
USW00023272,"SAN FRANCISCO DOWNTOWN, CA US",37.7705,-122.4269,45.7,3/18/2021,0.43,54,49
USW00023272,"SAN FRANCISCO DOWNTOWN, CA US",37.7705,-122.4269,45.7,3/19/2021,0.01,58,50
USW00023272,"SAN FRANCISCO DOWNTOWN, CA US",37.7705,-122.4269,45.7,3/20/2021,0,57,46
USW00023272,"SAN FRANCISCO DOWNTOWN, CA US",37.7705,-122.4269,45.7,3/21/2021,0,59,45
USW00023272,"SAN FRANCISCO DOWNTOWN, CA US",37.7705,-122.4269,45.7,3/22/2021,0,58,46
USW00023272,"SAN FRANCISCO DOWNTOWN, CA US",37.7705,-122.4269,45.7,3/23/2021,0,65,48
USW00023272,"SAN FRANCISCO DOWNTOWN, CA US",37.7705,-122.4269,45.7,3/24/2021,0,65,49
USW00023272,"SAN FRANCISCO DOWNTOWN, CA US",37.7705,-122.4269,45.7,3/25/2021,0,58,48
USW00023272,"SAN FRANCISCO DOWNTOWN, CA US",37.7705,-122.4269,45.7,3/26/2021,0,67,47
USW00023272,"SAN FRANCISCO DOWNTOWN, CA US",37.7705,-122.4269,45.7,3/27/2021,0,69,48
USW00023272,"SAN FRANCISCO DOWNTOWN, CA US",37.7705,-122.4269,45.7,3/28/2021,0,67,46
USW00023272,"SAN FRANCISCO DOWNTOWN, CA US",37.7705,-122.4269,45.7,3/29/2021,0,60,47
USW00023272,"SAN FRANCISCO DOWNTOWN, CA US",37.7705,-122.4269,45.7,3/30/2021,0,75,51
USW00023272,"SAN FRANCISCO DOWNTOWN, CA US",37.7705,-122.4269,45.7,3/31/2021,0,80,54
USW00023272,"SAN FRANCISCO DOWNTOWN, CA US",37.7705,-122.4269,45.7,4/1/2021,0,78,55
USW00023272,"SAN FRANCISCO DOWNTOWN, CA US",37.7705,-122.4269,45.7,4/2/2021,0,61,47
USW00023272,"SAN FRANCISCO DOWNTOWN, CA US",37.7705,-122.4269,45.7,4/3/2021,0,58,49
USW00023272,"SAN FRANCISCO DOWNTOWN, CA US",37.7705,-122.4269,45.7,4/4/2021,0,58,50
USW00023272,"SAN FRANCISCO DOWNTOWN, CA US",37.7705,-122.4269,45.7,4/5/2021,0,54,49
USW00023272,"SAN FRANCISCO DOWNTOWN, CA US",37.7705,-122.4269,45.7,4/6/2021,0,56,48
USW00023272,"SAN FRANCISCO DOWNTOWN, CA US",37.7705,-122.4269,45.7,4/7/2021,0,55,48
USW00023272,"SAN FRANCISCO DOWNTOWN, CA US",37.7705,-122.4269,45.7,4/8/2021,0,59,47
USW00023272,"SAN FRANCISCO DOWNTOWN, CA US",37.7705,-122.4269,45.7,4/9/2021,0,57,47
USW00023272,"SAN FRANCISCO DOWNTOWN, CA US",37.7705,-122.4269,45.7,4/10/2021,0,63,46
USW00023272,"SAN FRANCISCO DOWNTOWN, CA US",37.7705,-122.4269,45.7,4/11/2021,0,64,46
USW00023272,"SAN FRANCISCO DOWNTOWN, CA US",37.7705,-122.4269,45.7,4/12/2021,0,59,48
USW00023272,"SAN FRANCISCO DOWNTOWN, CA US",37.7705,-122.4269,45.7,4/13/2021,0,56,48
USW00023272,"SAN FRANCISCO DOWNTOWN, CA US",37.7705,-122.4269,45.7,4/14/2021,0,61,48
USW00023272,"SAN FRANCISCO DOWNTOWN, CA US",37.7705,-122.4269,45.7,4/15/2021,0,57,48
USW00023272,"SAN FRANCISCO DOWNTOWN, CA US",37.7705,-122.4269,45.7,4/16/2021,0,55,47
USW00023272,"SAN FRANCISCO DOWNTOWN, CA US",37.7705,-122.4269,45.7,4/17/2021,0,56,47
